[
    {
        "level": 1,
        "exp": 0
    },
    {
        "level": 2,
        "exp": 100
    },
    {
        "level": 3,
        "exp": 300
    },
    {
        "level": 4,
        "exp": 700
    },
    {
        "level": 5,
        "exp": 1300
    },
    {
        "level": 6,
        "exp": 2300
    },
    {
        "level": 7,
        "exp": 4000
    },
    {
        "level": 8,
        "exp": 6600
    },
    {
        "level": 9,
        "exp": 10100
    },
    {
        "level": 10,
        "exp": 14300
    },
    {
        "level": 11,
        "exp": 19300
    },
    {
        "level": 12,
        "exp": 25100
    },
    {
        "level": 13,
        "exp": 31800
    },
    {
        "level": 14,
        "exp": 39500
    },
    {
        "level": 15,
        "exp": 48300
    },
    {
        "level": 16,
        "exp": 58300
    },
    {
        "level": 17,
        "exp": 69500
    },
    {
        "level": 18,
        "exp": 82000
    },
    {
        "level": 19,
        "exp": 95900
    },
    {
        "level": 20,
        "exp": 111300
    },
    {
        "level": 21,
        "exp": 128300
    },
    {
        "level": 22,
        "exp": 146900
    },
    {
        "level": 23,
        "exp": 167200
    },
    {
        "level": 24,
        "exp": 189300
    },
    {
        "level": 25,
        "exp": 213300
    },
    {
        "level": 26,
        "exp": 239300
    },
    {
        "level": 27,
        "exp": 267300
    },
    {
        "level": 28,
        "exp": 297400
    },
    {
        "level": 29,
        "exp": 329700
    },
    {
        "level": 30,
        "exp": 364300
    },
    {
        "level": 31,
        "exp": 401300
    },
    {
        "level": 32,
        "exp": 440700
    },
    {
        "level": 33,
        "exp": 482600
    },
    {
        "level": 34,
        "exp": 527100
    },
    {
        "level": 35,
        "exp": 574300
    },
    {
        "level": 36,
        "exp": 624300
    },
    {
        "level": 37,
        "exp": 677100
    },
    {
        "level": 38,
        "exp": 732800
    },
    {
        "level": 39,
        "exp": 791500
    },
    {
        "level": 40,
        "exp": 853300
    },
    {
        "level": 41,
        "exp": 918300
    },
    {
        "level": 42,
        "exp": 986500
    },
    {
        "level": 43,
        "exp": 1058000
    },
    {
        "level": 44,
        "exp": 1132900
    },
    {
        "level": 45,
        "exp": 1211300
    },
    {
        "level": 46,
        "exp": 1293300
    },
    {
        "level": 47,
        "exp": 1378900
    },
    {
        "level": 48,
        "exp": 1468200
    },
    {
        "level": 49,
        "exp": 1561300
    },
    {
        "level": 50,
        "exp": 1658300
    },
    {
        "level": 51,
        "exp": 1759300
    },
    {
        "level": 52,
        "exp": 1864300
    },
    {
        "level": 53,
        "exp": 1973400
    },
    {
        "level": 54,
        "exp": 2086700
    },
    {
        "level": 55,
        "exp": 2204300
    },
    {
        "level": 56,
        "exp": 2326300
    },
    {
        "level": 57,
        "exp": 2452700
    },
    {
        "level": 58,
        "exp": 2583600
    },
    {
        "level": 59,
        "exp": 2719100
    },
    {
        "level": 60,
        "exp": 2859300
    },
    {
        "level": 61,
        "exp": 3004300
    },
    {
        "level": 62,
        "exp": 3154100
    },
    {
        "level": 63,
        "exp": 3308800
    },
    {
        "level": 64,
        "exp": 3468500
    },
    {
        "level": 65,
        "exp": 3633300
    },
    {
        "level": 66,
        "exp": 3803300
    },
    {
        "level": 67,
        "exp": 3978500
    },
    {
        "level": 68,
        "exp": 4159000
    },
    {
        "level": 69,
        "exp": 4344900
    },
    {
        "level": 70,
        "exp": 4536300
    },
    {
        "level": 71,
        "exp": 4733300
    },
    {
        "level": 72,
        "exp": 4935900
    },
    {
        "level": 73,
        "exp": 5144200
    },
    {
        "level": 74,
        "exp": 5358300
    },
    {
        "level": 75,
        "exp": 5578300
    },
    {
        "level": 76,
        "exp": 5804300
    },
    {
        "level": 77,
        "exp": 6036300
    },
    {
        "level": 78,
        "exp": 6274400
    },
    {
        "level": 79,
        "exp": 6518700
    },
    {
        "level": 80,
        "exp": 6769300
    },
    {
        "level": 81,
        "exp": 7026300
    },
    {
        "level": 82,
        "exp": 7289700
    },
    {
        "level": 83,
        "exp": 7559600
    },
    {
        "level": 84,
        "exp": 7836100
    },
    {
        "level": 85,
        "exp": 8119300
    },
    {
        "level": 86,
        "exp": 8409300
    },
    {
        "level": 87,
        "exp": 8706100
    },
    {
        "level": 88,
        "exp": 9009800
    },
    {
        "level": 89,
        "exp": 9320500
    },
    {
        "level": 90,
        "exp": 9638300
    },
    {
        "level": 91,
        "exp": 9963300
    },
    {
        "level": 92,
        "exp": 10295500
    },
    {
        "level": 93,
        "exp": 10635000
    },
    {
        "level": 94,
        "exp": 10981900
    },
    {
        "level": 95,
        "exp": 11336300
    },
    {
        "level": 96,
        "exp": 11698300
    },
    {
        "level": 97,
        "exp": 12067900
    },
    {
        "level": 98,
        "exp": 12445200
    },
    {
        "level": 99,
        "exp": 12830300
    },
    {
        "level": 100,
        "exp": 13223300
    },
    {
        "level": 101,
        "exp": 13624300
    },
    {
        "level": 102,
        "exp": 14185200
    },
    {
        "level": 103,
        "exp": 14760100
    },
    {
        "level": 104,
        "exp": 15349200
    },
    {
        "level": 105,
        "exp": 15952700
    },
    {
        "level": 106,
        "exp": 16570700
    },
    {
        "level": 107,
        "exp": 17203500
    },
    {
        "level": 108,
        "exp": 17851200
    },
    {
        "level": 109,
        "exp": 18513900
    },
    {
        "level": 110,
        "exp": 19191900
    },
    {
        "level": 111,
        "exp": 19885400
    },
    {
        "level": 112,
        "exp": 20594500
    },
    {
        "level": 113,
        "exp": 21319400
    },
    {
        "level": 114,
        "exp": 22060300
    },
    {
        "level": 115,
        "exp": 22817400
    },
    {
        "level": 116,
        "exp": 23590900
    },
    {
        "level": 117,
        "exp": 24381000
    },
    {
        "level": 118,
        "exp": 25187800
    },
    {
        "level": 119,
        "exp": 26011600
    },
    {
        "level": 120,
        "exp": 26852500
    },
    {
        "level": 121,
        "exp": 27710700
    },
    {
        "level": 122,
        "exp": 28586400
    },
    {
        "level": 123,
        "exp": 29479800
    },
    {
        "level": 124,
        "exp": 30391100
    },
    {
        "level": 125,
        "exp": 31320500
    },
    {
        "level": 126,
        "exp": 32268100
    },
    {
        "level": 127,
        "exp": 33234200
    },
    {
        "level": 128,
        "exp": 34218900
    },
    {
        "level": 129,
        "exp": 35222400
    },
    {
        "level": 130,
        "exp": 36245000
    },
    {
        "level": 131,
        "exp": 37286800
    },
    {
        "level": 132,
        "exp": 38348000
    },
    {
        "level": 133,
        "exp": 39428800
    },
    {
        "level": 134,
        "exp": 40529400
    },
    {
        "level": 135,
        "exp": 41650000
    },
    {
        "level": 136,
        "exp": 42790800
    },
    {
        "level": 137,
        "exp": 43952000
    },
    {
        "level": 138,
        "exp": 45133800
    },
    {
        "level": 139,
        "exp": 46336400
    },
    {
        "level": 140,
        "exp": 47559900
    },
    {
        "level": 141,
        "exp": 48804600
    },
    {
        "level": 142,
        "exp": 50070700
    },
    {
        "level": 143,
        "exp": 51358300
    },
    {
        "level": 144,
        "exp": 52667700
    },
    {
        "level": 145,
        "exp": 53999100
    },
    {
        "level": 146,
        "exp": 55352600
    },
    {
        "level": 147,
        "exp": 56728500
    },
    {
        "level": 148,
        "exp": 58127000
    },
    {
        "level": 149,
        "exp": 59548200
    },
    {
        "level": 150,
        "exp": 60992400
    },
    {
        "level": 151,
        "exp": 62459800
    },
    {
        "level": 152,
        "exp": 63950500
    },
    {
        "level": 153,
        "exp": 65464800
    },
    {
        "level": 154,
        "exp": 67002900
    },
    {
        "level": 155,
        "exp": 68564900
    },
    {
        "level": 156,
        "exp": 70151100
    },
    {
        "level": 157,
        "exp": 71761700
    },
    {
        "level": 158,
        "exp": 73396900
    },
    {
        "level": 159,
        "exp": 75056900
    },
    {
        "level": 160,
        "exp": 76741900
    },
    {
        "level": 161,
        "exp": 78452100
    },
    {
        "level": 162,
        "exp": 80187700
    },
    {
        "level": 163,
        "exp": 81948900
    },
    {
        "level": 164,
        "exp": 83735900
    },
    {
        "level": 165,
        "exp": 85548900
    },
    {
        "level": 166,
        "exp": 87388200
    },
    {
        "level": 167,
        "exp": 89253900
    },
    {
        "level": 168,
        "exp": 91146300
    },
    {
        "level": 169,
        "exp": 93065500
    },
    {
        "level": 170,
        "exp": 95011800
    },
    {
        "level": 171,
        "exp": 96985300
    },
    {
        "level": 172,
        "exp": 98986300
    },
    {
        "level": 173,
        "exp": 101015000
    },
    {
        "level": 174,
        "exp": 103071600
    },
    {
        "level": 175,
        "exp": 105156300
    },
    {
        "level": 176,
        "exp": 107269400
    },
    {
        "level": 177,
        "exp": 109411000
    },
    {
        "level": 178,
        "exp": 111581300
    },
    {
        "level": 179,
        "exp": 113780600
    },
    {
        "level": 180,
        "exp": 116009100
    },
    {
        "level": 181,
        "exp": 118267000
    },
    {
        "level": 182,
        "exp": 120554500
    },
    {
        "level": 183,
        "exp": 122871800
    },
    {
        "level": 184,
        "exp": 125219100
    },
    {
        "level": 185,
        "exp": 127596600
    },
    {
        "level": 186,
        "exp": 130004600
    },
    {
        "level": 187,
        "exp": 132443200
    },
    {
        "level": 188,
        "exp": 134912700
    },
    {
        "level": 189,
        "exp": 137413300
    },
    {
        "level": 190,
        "exp": 139945200
    },
    {
        "level": 191,
        "exp": 142508700
    },
    {
        "level": 192,
        "exp": 145103900
    },
    {
        "level": 193,
        "exp": 147731100
    },
    {
        "level": 194,
        "exp": 150390400
    },
    {
        "level": 195,
        "exp": 153082100
    },
    {
        "level": 196,
        "exp": 155806500
    },
    {
        "level": 197,
        "exp": 158563700
    },
    {
        "level": 198,
        "exp": 161353900
    },
    {
        "level": 199,
        "exp": 164177400
    },
    {
        "level": 200,
        "exp": 167034400
    }
]